Fastest lap time,Lap times,Top Speed,Number_Collisions,Number_laps
145.2778959274292,145.2778959274292,4.997236293928319,15,2
,116.29786801338196,,,
